insert into dmsach value ('DMS1',N'Thiếu Nhi',N'Hay');
insert into dmsach value ('DMS2',N'Khoa Học',N'Thu vi');
insert into dmsach value ('DMS3',N'Tôn Giáo',N'Thu vi');
insert into dmsach value ('DMS4',N'Chính Trị',N'Hay');
insert into dmsach value ('DMS5',N'Văn Học',N'Thu vi');



insert into dmdochoi value ('DMDC1',N'Nhóm 0-3 tuổi','phu hop');
insert into dmdochoi value ('DMDC2',N'Nhóm 4-8 tuổi','Phu hop');
insert into dmdochoi value ('DMDC3',N'Nhóm trên 8 tuổi','Phu hop');

insert into dmdungcu value ('DMDC1',N'Tiểu học','');
insert into dmdungcu value ('DMDC2',N'Trung học','');
insert into dmdungcu value ('DMDC3',N'Phổ thông','');

insert into loaikhachhang value ('LK01',N'Thường');
insert into loaikhachhang value ('LK02',N'VIP1');
insert into loaikhachhang value ('LK03',N'VIP2');

insert into nhanvien values('NV01',N'Hà Văn Thuận ','1999/09/28',N'Nhân Viên','0777941772','minhhoangpro09@gmail.com',N'Quảng Bình');
insert into nhanvien values('NV02',N'Trần Hoàng Anh','1999/12/26',N'Phó giám đốc','0913002441','hoanganhtran669@gmail.com',N'Quảng Bình');
insert into nhanvien values('NV03',N'Hoang Tuấn Mạnh','1999/09/28',N'Thư kí','0913002441','nguyenthithao2809@gmail.com',N'Quảng Bình');
insert into nhanvien values('NV04',N'Nguyen Le Viet Hoang','1999/03/07',N'Nhân Viên','0363215351','nguyenkieutrang@gmail.com',N'Quảng Bình');
insert into nhanvien values('NV05',N'Nguyễn Viết Trọng','1999/03/07',N'Giám đốc','0913362157','nguyenviettrong@gmail.com',N'Quảng Ngãi');
insert into nhanvien values('NV06',N'Nguyễn Văn Hồng','1999/08/07',N'Nhân Viên','0996325874','nguyenvanhong@gmail.com',N'Quảng Nam');
insert into nhanvien values('NV07',N'Ngô Minh Cường','1999/08/09',N'Nhân Viên','0986352147','ngominhcuong@gmail.com',N'Quảng Nam');
insert into nhanvien values('NV08',N'Hà Long Hải','1999/03/07',N'Nhân Viên','0362158742','Tranvietnhan@gmail.com',N'Quảng Bình');
insert into nhanvien values('NV09',N'Nguyễn Hậu','1999/03/07',N'Nhân Viên','0998512362','nguyenhau@gmail.com',N'Quảng Nam');
insert into nhanvien values('NV10',N'Võ Văn Thắng','1999/08/22',N'Nhân Viên','0965123748','vovanthang@gmail.com',N'Quảng Nam');



insert into khachhang values('KH01',N'Nguyễn Văn Bình','thangqn@gmail.com','0363688925','2002/1/2','LK01');
insert into khachhang values('KH02',N'Nguyễn Văn Danh','anhyhoang@gmail.com','0363685525','2004/11/2','LK02');
insert into khachhang values('KH03',N'Trần Anh Hoàng','trananhhoang@gmail.com','0363812001','2001/12/10','LK03');
insert into khachhang values('KH04',N'Lương Sơn Bá','badao002@gmail.com','036389440','2002/1/2','LK01');
insert into khachhang values('KH05',N'Chúc Anh Đài','khangbao@gmail.com','03669220','2002/1/10','LK01');
insert into khachhang values('KH06',N'Tôn Ngộ Không','Mypham@gmail.com','036445289','2004/10/11','LK02');
insert into khachhang values('KH07',N'Ngưu Ma Vương','ttnguyenxx26@gmail.com','0363698123','2002/12/11','LK03');
insert into khachhang values('KH08',N'Na Tra','daonghiatrang@gmail.com','0364586358','2002/1/2','LK02');
insert into khachhang values('KH09',N'Trương Vô Kỵ','tranmongmanh@gmail.com','0363689990','2003/01/02','LK01');
insert into khachhang values('KH10',N'Dương Quá','uocmocau@gmail.com','0355988244','2003/11/02','LK02');

insert into sanphamsach values('SPS1',N'ANIMORPHS - NGƯỜI HÓA','100','54400','quyen','DMS1','Hội nhà văn','2019','K.A Applegate','2019/11/27',1);
insert into sanphamsach values('SPS2',N'BÍ ẨN VỀ CON CHÓ LÚC NỬA ĐÊM','100','60000','quyển','DMS2','Văn Học','2019','Mark Haddon','2019/11/07',1);
insert into sanphamsach values('SPS3',N'TÔI LÀ AI VÀ NẾU VẬY THÌ BAO NHIÊU','50','116000','quyển','DMS3','Thế giới','2018','Mary Roach','2018/10/27',2);
insert into sanphamsach values('SPS4',N'TOÁN HỌC, MỘT THIÊN TIỂU THUYẾT','20','88000','quyển','DMS2','Thế giới','2019','Mickaël Launay','2019/05/16',2);
insert into sanphamsach values('SPS5',N'HỌC KIỂU MỸ TẠI NHÀ','100','94400','quyển','DMS1','Thế giới','2019','Hong Dinh','2019/04/10',1);
insert into sanphamsach values('SPS6',N'21 BÀI HỌC CHO THẾ KỶ 21','188','167200','quyển','DMS4','Thế giới','2018','Yuval Noah Harari','2019/02/10',1);
insert into sanphamsach values('SPS7',N'HOA VẪN NỞ MỖI NGÀY','55','187000','quyển','DMS1','Hà Nội','2020','Valérie Perrin','2020/11/03',1);
insert into sanphamsach values('SPS8',N'CHÚC MẸ NGỦ NGON','66','116000','quyển','DMS1','Hà Nội','2020','Thomas Cathcart - Daniel Klein','2020/09/21',1);
insert into sanphamsach values('SPS9',N'NÓI LUÔN CHO NÓ VUÔNG','63','72000','quyển','DMS3','Thế giới','2018','Steve Harvey','2018/09/30',1);
insert into sanphamsach values('SPS10',N'TRIẾT HỌC NGHỆ THUẬT CỦA HEIDEGGER','30','128000','quyển','DMS5','Thế Giới','2020','Julian Young','2020/03/01',1);

insert into sanphamdochoi values('SPC1',N'Ty ngậm Kuku','100','54400','Chiếc','DMDC1','Hàn','Dior','K.A Applegate','Ngầm');
insert into sanphamdochoi values('SPC2',N'Siêu nhân','150','54400','cái','DMDC3','Trung','Hermes','K.A Applegate','Xem');
insert into sanphamdochoi values('SPC3',N'K98','200','54000','Chiếc','DMDC2','Viet nam','Gucci','K.A Applegate','Bắn');
insert into sanphamdochoi values('SPC4',N'Scar','100','64000','Chiếc','DMDC3','Mỹ','Nike','K.A Applegate','Bắn');
insert into sanphamdochoi values('SPC5',N'M416','300','54400','Cái','DMDC1','Lào','Adidas','K.A Applegate','Bắn');
insert into sanphamdochoi values('SPC6',N'AK47','350','34400','Chiếc','DMDC2','Campuchia','Disney','K.A Applegate','Bắn');
insert into sanphamdochoi values('SPC7',N'Kiếm súng','150','20400','Cái','DMDC3','Thái','Legend','K.A Applegate','Bắn và chém');
insert into sanphamdochoi values('SPC8',N'Gươm của vua vô danh','250','14400','Cái','DMDC2','Đức','League','K.A Applegate','Chém');
insert into sanphamdochoi values('SPC19',N'Đao truy hồn','300','84400','Chiếc','DMDC1','Việt','Go','K.A Applegate','Chém');
insert into sanphamdochoi values('SPC10',N'Giày hermes','400','74400','Cái','DMDC3','Ấn','Drip','K.A Applegate','Chạy');

insert into sanphamdungcu values('SPDC1',N'Búa','100','Máy','DMDC1','Hàn','Dior','K.A Applegate','Đen','30','Vải','Mặc','54400');
insert into sanphamdungcu values('SPDC2',N'Đao','150','Máy','DMDC2','Trung','Hermes','gate','Biển','40','Vải','Chém','14400');
insert into sanphamdungcu values('SPDC3',N'Liềm','200','Chiếc','DMDC3','Việt','Gucci','Bill Gate','Hường','50','Gỗ','Ngủ','24400');
insert into sanphamdungcu values('SPDC4',N'Kéo','130','Máy','DMDC2','Nhật','Adidas','Anhxtanh','Trắng','60','Sắt','Tắm','34400');
insert into sanphamdungcu values('SPDC5',N'Cày','120','Cái','DMDC1','Thái','Nike','Galile','Đỏ','50','Gỗ','Khóc','44400');
insert into sanphamdungcu values('SPDC6',N'Kiếm','140','máy','DMDC3','Nga','Disney','Edixon','Hồng','30','Nhựa','Mặc','64400');
insert into sanphamdungcu values('SPDC7',N'Súng','110','Máy','DMDC2','Lào','Dạ hương','K.A Applegate','Vàng','30','Nước','Khóc','74400');
insert into sanphamdungcu values('SPDC8',N'Quạt','80','Chiếc','DMDC1','Mỹ','OK','Galile','Tím','10','Nhôm','Chơi','87400');
insert into sanphamdungcu values('SPDC9',N'Ruy băng','400','Máy','DMDC2','Cam','Biscafun','Newton','Đen','20','Vải','Mặc','90400');
insert into sanphamdungcu values('SPDC10',N'Thương','300','Máy','DMDC3','Ấn','Luisvuiton','Rolnado','Xám','10','Inox','Chém','12400');

insert into donhang value ('DH01','KH01','NV01','2020/04/05','1000000');
insert into donhang value ('DH02','KH01','NV02','2020/04/06','1500000');
insert into donhang value ('DH03','KH03','NV05','2020/03/05','1050000');
insert into donhang value ('DH04','KH08','NV06','2019/04/06','1555000');
insert into donhang value ('DH05','KH09','NV08','2020/04/05','190000');
insert into donhang value ('DH06','KH07','NV09','2018/02/04','1460000');
insert into donhang value ('DH07','KH10','NV01','2019/04/01','1900000');
insert into donhang value ('DH08','KH05','NV04','2018/02/06','1500000');
insert into donhang value ('DH09','KH09','NV03','2021/01/03','1100000');
insert into donhang value ('DH10','KH01','NV02','2020/08/06','1500000');
insert into donhang value ('DH11','KH01','NV02','05/08/20','1500000');

insert into chitietdonhang value ('DH01','SPS1','3');
insert into chitietdonhang value ('DH02','SPS4','1');
insert into chitietdonhang value ('DH02','SPC3','2');
insert into chitietdonhang value ('DH04','SPDC8','5');
insert into chitietdonhang value ('DH05','SPC1','3');
insert into chitietdonhang value ('DH06','SPS7','1');
insert into chitietdonhang value ('DH08','SPDC3','4');
insert into chitietdonhang value ('DH09','SPC4','6');
insert into chitietdonhang value ('DH10','SPS5','2');
insert into chitietdonhang value ('DH01','SPDC5','7');

insert into chitietdonhang values(1,1,1);
insert into chitietdonhang values(2,1,3);
insert into chitietdonhang values(1,2,4);
insert into chitietdonhang values(1,2,5);
insert into chitietdonhang values(1,3,7);
insert into chitietdonhang values(1,3,8);
insert into chitietdonhang values(1,4,7);

INSERT INTO chitietdonhang (MaDonHang,MaSanPham,soluong)
VALUES ('DH01','','3');

